,Symbol
0,TXG
1,YI
2,YQ
3,TURN
4,ATNF
5,ATNFW
6,FLWS
7,BCOW
8,ONEM
9,SRCE
10,VNET
11,TWOU
12,QFIN
13,KRKR
14,FDMT
15,FVAM
16,VIIAU
17,ETNB
18,EGHT
19,NMTR
20,MASS
21,JFU
22,AAON
23,ABCM
24,ABCL
25,ABEO
26,ABMD
27,AXAS
28,ABST
29,ACIU
30,ACTG
31,ASO
32,ACHC
33,ACAD
34,ACST
35,AXDX
36,ACCD
37,ARAY
38,ACEV
39,ACEVU
40,ACEVW
41,ACRX
42,ACER
43,ACHV
44,ACIW
45,ACAC
46,ACACU
47,ACACW
48,ACRS
49,ACMR
50,ACNB
51,ACOR
52,ATVI
53,AFIB
54,ADMP
55,AHCO
56,ADAP
57,ADPT
58,ADXN
59,ADUS
60,AEY
61,ADIL
62,ADILW
63,ACET
64,ADTX
65,ADMA
66,ADBE
67,ADTN
68,ADES
69,AEIS
70,AMD
71,ADV
72,ADVWW
73,ADXS
74,ADVM
75,DWEQ
76,DWAW
77,DWUS
78,DWMC
79,DWSH
80,AGLE
81,AEHR
82,AMTX
83,ARBGU
84,AERI
85,AVAV
86,ASLE
87,AIH
88,AEZS
89,AEMD
90,AFMD
91,AFYA
92,AGBA
93,AGBAR
94,AGBAU
95,AGBAW
96,AGEN
97,AGRX
98,AGYS
99,AGIO
100,AGMH
101,AGNC
102,AGNCM
103,AGNCN
104,AGNCO
105,AGNCP
106,API
107,AGFS
108,AIKI
109,ALRN
110,AIRT
111,AIRTP
112,ATSG
113,ABNB
114,AIRG
115,ANTE
116,AKAM
117,AKTX
118,AKBA
119,KERN
120,KERNW
121,AKRO
122,AKUS
123,AKTS
124,AKU
125,ALRM
126,ALBO
127,ALDX
128,ALEC
129,ALRS
130,ALCO
131,ALIT
132,ALGN
133,ALGS
134,ALIM
135,ALYA
136,ALJJ
137,ALKS
138,ALLK
139,ALGT
140,ALGM
141,ARLP
142,LNT
143,AESE
144,AHPI
145,AMOT
146,ALLO
147,ALLT
148,ALVR
149,MDRX
150,ALNY
151,AOSL
152,GOOG
153,GOOGL
154,SMCP
155,ATEC
156,ALPN
157,ALTR
158,ATHE
159,ALT
160,ASPS
161,ALTUU
162,AIMC
163,ALXO
164,AMAL
165,AMRN
166,AMRK
167,AMZN
168,AMBC
169,AMBA
170,AMCX
171,AMCI
172,AMCIU
173,AMCIW
174,DOX
175,AMED
176,AMTB
177,UHAL
178,ATAX
179,AMOV
180,AAL
181,AEP
182,AEPPZ
183,AMNB
184,AOUT
185,APEI
186,AREC
187,AMSWA
188,AMSC
189,AVCT
190,AVCTW
191,AMWD
192,CRMT
193,ABCB
194,AMSF
195,ASRV
196,ATLO
197,AMST
198,AMGN
199,FOLD
200,AMKR
201,POWW
202,AMPH
203,IBUY
204,AMYT
205,ASYS
206,AMRS
207,ADI
208,ANAB
209,AVXL
210,ANGI
211,ANGO
212,ANIP
213,ANIK
214,ANIX
215,ANNX
216,ANPC
217,ANSS
218,AEHL
219,ATEX
220,APA
221,APLS
222,APOG
223,APEN
224,AMEH
225,APPF
226,APPN
227,AAPL
228,APDN
229,AGTC
230,AMAT
231,AMTI
232,AAOI
233,APLT
234,AUVI
235,APRE
236,APVO
237,APTX
238,APM
239,APTO
240,APYX
241,AQMS
242,AQB
243,AQST
244,ARAV
245,ABUS
246,ABIO
247,RKDA
248,ARCB
249,ACGL
250,ACGLO
251,FUV
252,ARCE
253,ARCT
254,ARQT
255,ARDX
256,ARCC
257,ARGX
258,ARDS
259,ARKR
260,ARKO
261,ARKOW
262,ARRY
263,DWCR
264,DWAT
265,AROW
266,ARWR
267,ARTL
268,ARTLW
269,ARTNA
270,ARTW
271,ARVN
272,ASND
273,APWC
274,ASLN
275,ASML
276,ASPU
277,AZPN
278,AWH
279,ASMB
280,ASRT
281,ASTE
282,AZN
283,ATRO
284,ALOT
285,ASTC
286,ASUR
287,AACG
288,ATRA
289,AVIR
290,ATNX
291,ATHX
292,ATHA
293,ATIF
294,AAME
295,ACBI
296,AUB
297,AUBAP
298,AY
299,ATLC
300,AAWW
301,ATCX
302,TEAM
303,ATNI
304,ATOM
305,ATOS
306,BCEL
307,ATRC
308,ATRI
309,LIFE
310,AUBN
311,AUUD
312,AUUDW
313,AUDC
314,AEYE
315,AUPH
316,JG
317,ADSK
318,AUTL
319,ADP
320,AVDL
321,AHI
322,AVCO
323,ATXI
324,AVEO
325,AVNW
326,CDMO
327,AVID
328,RNA
329,AVGR
330,CAR
331,RCEL
332,AVT
333,AVRO
334,AWRE
335,ACLS
336,AXLA
337,AXGN
338,AXNX
339,AXSM
340,AXTI
341,AYLA
342,AYRO
343,AYTU
344,AZYO
345,RILY
346,RILYG
347,RILYL
348,RILYM
349,RILYN
350,RILYO
351,RILYP
352,RILYZ
353,BOSC
354,BIDU
355,BCPC
356,BLDP
357,BANF
358,BANFP
359,BAND
360,BFC
361,BMRC
362,BKSC
363,BOTJ
364,OZK
365,BSVN
366,BFIN
367,BWFG
368,BANR
369,BZUN
370,BBSI
371,GOLD
372,BSET
373,ZTEST
374,BXRX
375,BCML
376,BBQ
377,BCBP
378,BLSA
379,BECN
380,BEEM
381,BEEMW
382,BEAM
383,BBGI
384,BBBY
385,BGNE
386,BELFA
387,BELFB
388,BLPH
389,BLCM
390,BLU
391,BNFT
392,BENEU
393,BNTC
394,BSY
395,BLI
396,BRY
397,BWAC
398,BWACU
399,BWACW
400,BWMX
401,XAIR
402,BYND
403,BYSI
404,BGCP
405,BCYC
406,BGFV
407,BIGC
408,BILI
409,BCAB
410,BCDA
411,BCDAW
412,BIOC
413,BCRX
414,BDSI
415,BDSX
416,BIIB
417,BKYI
418,BIOL
419,BLFS
420,BLRX
421,BMRN
422,BMRA
423,BNGO
424,BNGOW
425,BVXV
426,BNTX
427,BPTH
428,BSGM
429,TECH
430,BEAT
431,BIVI
432,BTAI
433,BTBT
434,BJRI
435,BDTX
436,BLKB
437,BL
438,BKCC
439,TCPC
440,BLNK
441,BLNKW
442,BLMN
443,BCOR
444,BLBD
445,BHAT
446,BLUE
447,BPMC
448,ITEQ
449,BSBK
450,BOKF
451,BNSO
452,BKNG
453,BIMI
454,BRQS
455,BOXL
456,BCLI
457,BWAY
458,BREZ
459,BREZR
460,BREZW
461,BCTX
462,BBIO
463,BTWN
464,BTWNU
465,BTWNW
466,BWB
467,BRID
468,BCOV
469,BHF
470,BHFAL
471,BHFAN
472,BHFAO
473,BHFAP
474,BRLI
475,BRLIR
476,BRLIU
477,BRLIW
478,AVGO
479,BYFC
480,BWEN
481,BROG
482,BROGW
483,BPYPN
484,BPYPO
485,BPYPP
486,BRKL
487,BRP
488,DOOO
489,BRKR
490,BSQR
491,BLDR
492,BHSE
493,BHSEU
494,BHSEW
495,BFI
496,BFIIW
497,BNR
498,BFST
499,CFFI
500,CHRW
501,CCCC
502,CABA
503,CDNS
504,CDZI
505,CZR
506,CSTE
507,CHY
508,CHI
509,CCD
510,CHW
511,CGO
512,CPZ
513,CSQ
514,CAMP
515,CVGW
516,CALB
517,CALA
518,CALT
519,CALM
520,CLMT
521,CLXT
522,CMBM
523,CATC
524,CAC
525,CAMT
526,CAN
527,CSIQ
528,GOEV
529,GOEVW
530,CGC
531,CPHC
532,CBNK
533,CCBG
534,CPLP
535,CSWC
536,CFFN
537,CAPR
538,CSTR
539,CARA
540,CRDF
541,CSII
542,CDLX
543,CDNA
544,CTRE
545,CARG
546,CTAQU
547,PRTS
548,TAST
549,CARE
550,CARV
551,CASA
552,CWST
553,CASY
554,CASI
555,CASS
556,SAVA
557,CSTL
558,CTRM
559,CBIO
560,CPRX
561,CATY
562,CVCO
563,CBFV
564,CBAT
565,CBOE
566,CDW
567,CECE
568,CELC
569,CLDX
570,CLRB
571,CLLS
572,CELH
573,CYAD
574,CETX
575,CETXP
576,CNTG
577,CENT
578,CENTA
579,CVCY
580,CNTX
581,CENX
582,CNTY
583,CRNT
584,CRNC
585,CERE
586,CERT
587,CERS
588,CEVA
589,CFIVU
590,CFBK
591,CSBR
592,CHX
593,CTHR
594,GTLS
595,CHTR
596,CHKP
597,CHEK
598,CHEKZ
599,CKPT
600,CEMI
601,CCXI
602,CSSE
603,CSSEN
604,CSSEP
605,PLCE
606,CMRX
607,CAAS
608,CIH
609,CJJD
610,CLEU
611,CHNR
612,CREG
613,SXTC
614,CXDC
615,CD
616,KDNY
617,IMOS
618,COFS
619,CHPMU
620,CDXC
621,CHSCL
622,CHSCM
623,CHSCN
624,CHSCO
625,CHSCP
626,CHDN
627,CHUY
628,CDTX
629,CMCT
630,CMCTP
631,CMPR
632,CNNB
633,CINF
634,CIDM
635,CTAS
636,CRUS
637,CSCO
638,CTRN
639,CTXR
640,CZNC
641,CZWI
642,CIZN
643,CHCO
644,CIVB
645,CLAR
646,CLNE
647,CLSK
648,CACG
649,YLDE
650,LRGE
651,CLFD
652,CLRO
653,CLPT
654,CLSD
655,CLIR
656,CLNN
657,CLNNW
658,CLVR
659,CLVRW
660,CLVS
661,CLPS
662,CME
663,CCNE
664,CCNEP
665,CNSP
666,CCB
667,COKE
668,COCP
669,CODA
670,CCNC
671,CDXS
672,CODX
673,CDAK
674,CVLY
675,JVA
676,COGT
677,CCOI
678,CGNX
679,CTSH
680,CWBR
681,COHR
682,CHRS
683,COHU
684,COLL
685,CIGI
686,CLGN
687,CBAN
688,CSCW
689,COLB
690,CLBK
691,COLM
692,CMCO
693,CMCSA
694,CBSH
695,CVGI
696,COMM
697,CTBI
698,CWBC
699,CVLT
700,CMPS
701,CMPX
702,CGEN
703,CPSI
704,CTG
705,SCOR
706,COMS
707,COMSW
708,CHCI
709,CMTL
710,CNXC
711,CNCE
712,BBCP
713,CNDT
714,CFMS
715,CNFR
716,CNFRL
717,CNMD
718,CNOB
719,CONN
720,CNSL
721,CWCO
722,CNST
723,ROAD
724,CPSS
725,WISH
726,CFRX
727,CONX
728,CONXU
729,CONXW
730,CPRT
731,CRBP
732,CORT
733,COOLU
734,CRSR
735,CRVL
736,KOR
737,CRVS
738,CSGP
739,COST
740,ICBK
741,COUP
742,CVLG
743,CVET
744,COWN
745,COWNL
746,COWNZ
747,CPSH
748,CRAI
749,CBRL
750,CRTD
751,CRTDW
752,CREX
753,CREXW
754,CACC
755,GLDI
756,SLVO
757,USOI
758,CREE
759,CRSA
760,CRSAU
761,CRSAW
762,CCAP
763,CRESY
764,CXDO
765,CRNX
766,CRSP
767,CRTO
768,CROX
769,CRON
770,CCRN
771,CFB
772,CRWD
773,CRWS
774,CYRX
775,CSGS
776,CCLP
777,CSPI
778,CSWI
779,CSX
780,CTIC
781,CUE
782,CPIX
783,CMLS
784,CVAC
785,CURI
786,CURIW
787,CRIS
788,CUTR
789,CVBF
790,CVV
791,CYAN
792,CYBR
793,CYBE
794,CYCC
795,CYCCP
796,CYCN
797,CYTH
798,CYTHW
799,CBAY
800,CYRN
801,CONE
802,CYTK
803,CTMX
804,CTSO
805,DADA
806,DJCO
807,DAKT
808,DARE
809,DRIO
810,DRIOW
811,DSKE
812,DSKEW
813,DAIO
814,DDOG
815,DTSS
816,PLAY
817,DTEA
818,DFNL
819,DINT
820,DUSA
821,DWLD
822,DWSN
823,DBVT
824,DDMXU
825,DCRB
826,DCRBU
827,DCRBW
828,DCPH
829,DFHT
830,DFHTU
831,DFHTW
832,IBBJ
833,TACO
834,DCTH
835,DEMZ
836,DNLI
837,DENN
838,XRAY
839,DRMT
840,DMTK
841,DSWL
842,DXCM
843,DMAC
844,DHIL
845,FANG
846,DRNA
847,DFFN
848,DGII
849,DMRC
850,EQOS
851,EQOSW
852,DGLY
853,APPS
854,DCOM
855,DCOMP
856,DIOD
857,DRTT
858,DISCA
859,DISCB
860,DISCK
861,DISH
862,DHC
863,DHCNI
864,DHCNL
865,DLHC
866,BOOM
867,DCBO
868,DOCU
869,DOGZ
870,DLTR
871,DLPN
872,DOMO
873,DGICA
874,DGICB
875,DMLP
876,DORM
877,DDI
878,DOYU
879,DKNG
880,LYL
881,DGNS
882,DBX
883,DSPG
884,DCT
885,DSAC
886,DSACU
887,DSACW
888,DLTH
889,DUNEU
890,DUOT
891,DRRX
892,DXPE
893,DYAI
894,DYNT
895,DVAX
896,DYN
897,DZSI
898,ETAC
899,ETACU
900,ETACW
901,SSP
902,EBMT
903,EGBN
904,EGLE
905,EGRX
906,IGLE
907,EAR
908,ERES
909,ERESU
910,ERESW
911,ESSC
912,ESSCR
913,ESSCU
914,ESSCW
915,EWBC
916,EBC
917,EML
918,EAST
919,EVGBC
920,EVSTC
921,EVLMC
922,EBON
923,EBAY
924,EBAYL
925,EBIX
926,ECHO
927,SATS
928,MOHO
929,EDAP
930,EDSA
931,EDIT
932,ADOC
933,ADOCR
934,ADOCW
935,EDTXU
936,EDUC
937,EGAN
938,EH
939,EHTH
940,EIDX
941,EIGR
942,EKSO
943,LOCO
944,ESLT
945,SOLO
946,SOLOW
947,ECOR
948,EA
949,ELSE
950,ESBK
951,ELOX
952,ELTK
953,ELYS
954,EMCF
955,EMKR
956,ENTA
957,ECPG
958,WIRE
959,ENDP
960,NDRA
961,NDRAW
962,EIGI
963,WATT
964,EFOI
965,ERII
966,ENG
967,ENLV
968,ENOB
969,ENPH
970,ESGR
971,ESGRO
972,ESGRP
973,ETTX
974,ENTG
975,ENTX
976,ENTXW
977,EBTC
978,EFSC
979,ENVB
980,EOSE
981,EOSEW
982,EPZM
983,PLUS
984,EPSN
985,EQ
986,EQIX
987,EQBK
988,ERIC
989,ERIE
990,ERYP
991,ESCA
992,ESPR
993,GMBL
994,GMBLW
995,ESQ
996,ESSA
997,EPIX
998,ESTA
999,VBND
1000,VUSE
1001,VIDI
1002,ETON
1003,ETSY
1004,EUCR
1005,EUCRU
1006,EUCRW
1007,CLWT
1008,EDRY
1009,EEFT
1010,ESEA
1011,EVLO
1012,EVBG
1013,EVK
1014,EVER
1015,MRAM
1016,EVOP
1017,EVFM
1018,EVGN
1019,EVOK
1020,EOLS
1021,EVOL
1022,EXAS
1023,XGN
1024,ROBO
1025,XELA
1026,EXEL
1027,EXC
1028,EXFO
1029,XCUR
1030,EXLS
1031,EXPI
1032,EXPE
1033,EXPD
1034,EXPC
1035,EXPCU
1036,EXPCW
1037,EXPO
1038,STAY
1039,EXTR
1040,EYEG
1041,EYEN
1042,EYPT
1043,EZPW
1044,FLRZ
1045,FFIV
1046,FB
1047,FCAC
1048,FCACU
1049,FCACW
1050,FLMN
1051,FLMNW
1052,DUO
1053,FANH
1054,FARM
1055,FMAO
1056,FMNB
1057,FAMI
1058,FARO
1059,FAST
1060,FAT
1061,FATBP
1062,FATBW
1063,FATE
1064,FTHM
1065,FBSS
1066,FNHC
1067,FENC
1068,GSM
1069,FFBW
1070,FGF
1071,FGFPP
1072,FGEN
1073,FDBC
1074,ONEQ
1075,FDUS
1076,FDUSG
1077,FDUSL
1078,FDUSZ
1079,FRGI
1080,FITB
1081,FITBI
1082,FITBO
1083,FITBP
1084,FISI
1085,FSRV
1086,FSRVU
1087,FSRVW
1088,FTIV
1089,FTIVU
1090,FTIVW
1091,FTCVU
1092,FEYE
1093,FBNC
1094,FNLC
1095,FRBA
1096,BUSE
1097,FBIZ
1098,FCAP
1099,FCBP
1100,FCNCA
1101,FCNCP
1102,FCBC
1103,FCCO
1104,FCRD
1105,FFBC
1106,FFIN
1107,THFF
1108,FFNW
1109,FFWM
1110,FGBI
1111,FHB
1112,INBK
1113,INBKL
1114,INBKZ
1115,FIBK
1116,FRME
1117,FMBH
1118,FMBI
1119,FMBIO
1120,FMBIP
1121,FXNC
1122,FNWB
1123,FSFG
1124,FSEA
1125,FSLR
1126,FAAR
1127,FPA
1128,BICK
1129,FBZ
1130,FTHI
1131,FCAL
1132,FTCS
1133,FCEF
1134,FCA
1135,SKYY
1136,RNDM
1137,FDT
1138,FDTS
1139,FVC
1140,FV
1141,IFV
1142,DDIV
1143,DVOL
1144,DVLU
1145,DWPP
1146,DALI
1147,FDNI
1148,FEM
1149,RNEM
1150,FEMB
1151,FEMS
1152,FTSM
1153,FEP
1154,FEUZ
1155,FGM
1156,FTGC
1157,FTLB
1158,HYLS
1159,NFTY
1160,FTAG
1161,FTRI
1162,LEGR
1163,NXTG
1164,FICS
1165,FPXI
1166,FPXE
1167,FJP
1168,FEX
1169,FTC
1170,RNLC
1171,FTA
1172,FLN
1173,LMBS
1174,LDSF
1175,FMB
1176,FNX
1177,FNY
1178,RNMC
1179,FNK
1180,FAD
1181,FAB
1182,MDIV
1183,MCEF
1184,FMHI
1185,QABA
1186,ROBT
1187,FTXO
1188,QCLN
1189,GRID
1190,CIBR
1191,FTXG
1192,CARZ
1193,FTXN
1194,FTXH
1195,FTXD
1196,FTXL
1197,TDIV
1198,FTXR
1199,QQEW
1200,QQXT
1201,QTEC
1202,AIRR
1203,RDVY
1204,RFAP
1205,RFDI
1206,RFEM
1207,RFEU
1208,FID
1209,FTSL
1210,FYX
1211,FYC
1212,RNSC
1213,FYT
1214,SDVY
1215,FCVT
1216,FDIV
1217,FSZ
1218,FIXD
1219,TUSA
1220,FKU
1221,RNDV
1222,FUNC
1223,FUSB
1224,MYFW
1225,FCFS
1226,SVVC
1227,FSV
1228,FISV
1229,FIVE
1230,FPRX
1231,FVE
1232,FIVN
1233,FLEX
1234,FLXN
1235,SKOR
1236,ASET
1237,ESG
1238,ESGG
1239,LKOR
1240,QLC
1241,MBSD
1242,FPAY
1243,FLXS
1244,FLIR
1245,FLWR
1246,FLNT
1247,FLDM
1248,FFIC
1249,FLUX
1250,FNCB
1251,FOCS
1252,FHTX
1253,FONR
1254,FRSX
1255,FMTX
1256,FORM
1257,FORTY
1258,FORR
1259,FBRX
1260,FRTA
1261,FTNT
1262,FBIO
1263,FBIOP
1264,FIII
1265,FIIIU
1266,FIIIW
1267,FWRD
1268,FORD
1269,FWP
1270,FOSL
1271,FOX
1272,FOXA
1273,FOXF
1274,FRG
1275,FRGAP
1276,FELE
1277,FRAF
1278,FLACU
1279,FRHC
1280,FRLN
1281,RAIL
1282,FEIM
1283,FREQ
1284,FRPT
1285,FTDR
1286,FRPH
1287,FSBW
1288,FSDC
1289,HUGE
1290,FSTX
1291,FTOC
1292,FTOCU
1293,FTOCW
1294,FTEK
1295,FCEL
1296,FULC
1297,FLGT
1298,FLL
1299,FMAX
1300,FULT
1301,FULTP
1302,FNKO
1303,HTOO
1304,HTOOW
1305,FUSN
1306,FUTU
1307,FTFT
1308,FFHL
1309,FVCB
1310,GMVD
1311,WILC
1312,GTHX
1313,GAIA
1314,GLPG
1315,GALT
1316,GLTO
1317,GRTX
1318,GLMD
1319,GMDA
1320,GLPI
1321,GAN
1322,GRMN
1323,GBS
1324,GCMG
1325,GCMGW
1326,GDS
1327,GNSS
1328,GENC
1329,GFN
1330,GFNCP
1331,GFNSZ
1332,GBIO
1333,GENE
1334,GTH
1335,GNFT
1336,GNUS
1337,GMAB
1338,GNMK
1339,GNCA
1340,GNPX
1341,GNTX
1342,THRM
1343,GEOS
1344,GOVX
1345,GOVXW
1346,GABC
1347,GERN
1348,GEVO
1349,ROCK
1350,GIGM
1351,GIII
1352,GILT
1353,GILD
1354,GBCI
1355,GLAD
1356,GLADL
1357,GOOD
1358,GOODM
1359,GOODN
1360,GAIN
1361,GAINL
1362,GAINM
1363,LAND
1364,LANDO
1365,LANDP
1366,GLBZ
1367,GBT
1368,GBLI
1369,GBLIL
1370,SELF
1371,GWRS
1372,AIQ
1373,DRIV
1374,POTX
1375,CHB
1376,CTEC
1377,CLOU
1378,KRMA
1379,BUG
1380,VPN
1381,DAX
1382,EBIZ
1383,EDUT
1384,EWEB
1385,FINX
1386,CHIC
1387,GNOM
1388,BFIT
1389,SNSR
1390,LNGR
1391,MILN
1392,EFAS
1393,QYLG
1394,QYLD
1395,BOTZ
1396,CATH
1397,CEFA
1398,SOCL
1399,ALTY
1400,SRET
1401,EDOC
1402,GXTG
1403,HERO
1404,YLCO
1405,GLAQU
1406,GLBS
1407,GSMG
1408,GSMGW
1409,GLUU
1410,GLYC
1411,GOGO
1412,GOCO
1413,GLNG
1414,GMLP
1415,GMLPP
1416,GDEN
1417,GNOG
1418,GNOGW
1419,GOGL
1420,GBDC
1421,GTIM
1422,GWAC
1423,GWACW
1424,GBLK
1425,GDRX
1426,GSHD
1427,GPRO
1428,GHIV
1429,GHIVU
1430,GHIVW
1431,GRSV
1432,GRSVU
1433,GRSVW
1434,GHVIU
1435,GOSS
1436,LOPE
1437,GRVY
1438,GRAY
1439,GECC
1440,GECCL
1441,GECCM
1442,GECCN
1443,GEG
1444,GLDD
1445,GSBC
1446,GRBK
1447,GPP
1448,GPRE
1449,GRCY
1450,GRCYU
1451,GRCYW
1452,GCBC
1453,GTEC
1454,GNLN
1455,GLRE
1456,GP
1457,GRNQ
1458,GNRS
1459,GNRSU
1460,GNRSW
1461,GSKY
1462,GRNV
1463,GRNVR
1464,GRNVU
1465,GRNVW
1466,GLSI
1467,GDYN
1468,GDYNW
1469,GSUM
1470,GRFS
1471,GRIN
1472,GRTS
1473,GO
1474,GRPN
1475,GRWG
1476,OMAB
1477,GGAL
1478,GVP
1479,GSIT
1480,GTYH
1481,GNTY
1482,GFED
1483,GH
1484,GHSI
1485,GIFI
1486,GURE
1487,GWPH
1488,GWGH
1489,GXGX
1490,GXGXU
1491,GXGXW
1492,GYRO
1493,HEES
1494,HLG
1495,HOFV
1496,HOFVW
1497,HNRG
1498,HALL
1499,HALO
1500,HLNE
1501,HJLI
1502,HJLIW
1503,HWC
1504,HWCPL
1505,HWCPZ
1506,HAFC
1507,HAPP
1508,HCDI
1509,HONE
1510,HLIT
1511,HRMY
1512,HARP
1513,HROW
1514,HBIO
1515,HCAP
1516,HCAPZ
1517,HAS
1518,HA
1519,HWKN
1520,HWBK
1521,HAYN
1522,HBT
1523,HHR
1524,HAACU
1525,HCAT
1526,HSAQ
1527,HCARU
1528,HCSG
1529,HTIA
1530,HQY
1531,HSTM
1532,HTLD
1533,HTLF
1534,HTLFP
1535,HTBX
1536,HSII
1537,HELE
1538,HLIO
1539,HSDT
1540,HLXA
1541,HMTV
1542,HNNA
1543,HSIC
1544,HEPA
1545,HTBK
1546,HFWA
1547,HGBL
1548,HCCI
1549,MLHR
1550,HRTX
1551,HSKA
1552,HFEN
1553,HFFG
1554,HIBB
1555,CAPA
1556,CAPAU
1557,CAPAW
1558,SNLN
1559,HPK
1560,HPKEW
1561,HIHO
1562,HIMX
1563,HIFS
1564,HQI
1565,HSTO
1566,HKIT
1567,HMNF
1568,HMSY
1569,HOL
1570,HOLUU
1571,HOLUW
1572,HOLI
1573,HOLX
1574,HBCP
1575,HOMB
1576,HFBL
1577,HMST
1578,HTBI
1579,FIXX
1580,HOFT
1581,HOOK
1582,HOPE
1583,HBNC
1584,HRZN
1585,HZNP
1586,HST
1587,TWNK
1588,TWNKW
1589,HOTH
1590,HMHC
1591,HWCC
1592,HOVNP
1593,HBMD
1594,HTGM
1595,HTHT
1596,HUBG
1597,HUSN
1598,HEC
1599,HECCU
1600,HECCW
1601,HSON
1602,HDSN
1603,HUIZ
1604,HMCOU
1605,HGEN
1606,HBAN
1607,HBANN
1608,HBANO
1609,HURC
1610,HURN
1611,HCM
1612,HBP
1613,HVBC
1614,HYMC
1615,HYMCW
1616,HYMCZ
1617,HYFM
1618,HYGO
1619,HYRE
1620,IIIV
1621,IAC
1622,IBEX
1623,ICAD
1624,IEP
1625,ICCH
1626,ICFI
1627,ICHR
1628,ICLK
1629,ICLR
1630,ICON
1631,ICUI
1632,IPWR
1633,IDEX
1634,IDYA
1635,INVE
1636,IDRA
1637,IDXX
1638,IEC
1639,IESC
1640,IROQ
1641,IFMK
1642,IGAC
1643,IGACU
1644,IGACW
1645,IGMS
1646,IHRT
1647,INFO
1648,IIVI
1649,IIVIP
1650,IKNX
1651,ILMN
1652,IMAB
1653,IMAC
1654,IMACW
1655,ISNS
1656,IMRA
1657,IMBI
1658,IMTX
1659,IMTXW
1660,IMMR
1661,ICCC
1662,IMUX
1663,IMGN
1664,IMNM
1665,IPA
1666,IMVT
1667,IMRN
1668,IMRNW
1669,IMMP
1670,PI
1671,IMV
1672,INAB
1673,NARI
1674,INCY
1675,INDB
1676,IBCP
1677,IBTX
1678,INDT
1679,ILPT
1680,INFN
1681,INFI
1682,IFRX
1683,III
1684,IEA
1685,IEAWW
1686,IMKTA
1687,IKT
1688,INBX
1689,INM
1690,INMD
1691,INMB
1692,IPHA
1693,INOD
1694,IOSP
1695,ISSC
1696,INVA
1697,INGN
1698,INOV
1699,INO
1700,INZY
1701,IPHI
1702,INPX
1703,INSG
1704,NSIT
1705,ISIG
1706,INSM
1707,INSE
1708,IIIN
1709,INAQ
1710,IIIIU
1711,PODD
1712,IART
1713,IMTE
1714,INTC
1715,NTLA
1716,IDN
1717,IPAR
1718,IBKR
1719,ICPT
1720,IDCC
1721,TILE
1722,IBOC
1723,IGIC
1724,IGICW
1725,IMXI
1726,IDXG
1727,XENT
1728,IVAC
1729,ITCI
1730,INTZ
1731,INTU
1732,ISRG
1733,IVA
1734,PLW
1735,ADRE
1736,BSCL
1737,BSJL
1738,BSML
1739,BSAE
1740,BSCM
1741,BSJM
1742,BSMM
1743,BSBE
1744,BSCN
1745,BSJN
1746,BSMN
1747,BSCE
1748,BSCO
1749,BSJO
1750,BSMO
1751,BSDE
1752,BSCP
1753,BSJP
1754,BSMP
1755,BSCQ
1756,BSJQ
1757,BSMQ
1758,BSCR
1759,BSJR
1760,BSMR
1761,BSCS
1762,BSJS
1763,BSMS
1764,BSCT
1765,BSMT
1766,BSCU
1767,BSMU
1768,PKW
1769,PFM
1770,PYZ
1771,PEZ
1772,PSL
1773,PIZ
1774,PIE
1775,PXI
1776,PFI
1777,PTH
1778,PRN
1779,PDP
1780,DWAS
1781,PTF
1782,PUI
1783,IDLB
1784,PRFZ
1785,PIO
1786,PGJ
1787,IHYF
1788,PEY
1789,IPKW
1790,PID
1791,KBWB
1792,KBWD
1793,KBWY
1794,KBWP
1795,KBWR
1796,QQQM
1797,PNQI
1798,QQQJ
1799,PDBC
1800,QQQ
1801,ISDX
1802,ISEM
1803,IUS
1804,IUSS
1805,USLB
1806,PSCD
1807,PSCC
1808,PSCE
1809,PSCF
1810,PSCH
1811,PSCI
1812,PSCT
1813,PSCM
1814,PSCU
1815,VRIG
1816,PHO
1817,ISTR
1818,CMFNL
1819,ICMB
1820,ISBC
1821,ITIC
1822,NVIV
1823,INVO
1824,IONS
1825,IOVA
1826,IPGP
1827,CLRG
1828,CSML
1829,IQ
1830,IRMD
1831,IRTC
1832,IRIX
1833,IRDM
1834,IRBT
1835,IRWD
1836,IRCP
1837,SLQD
1838,ISHG
1839,SHY
1840,IGSB
1841,TLT
1842,IEI
1843,IGIB
1844,IEF
1845,AIA
1846,USIG
1847,COMT
1848,ISTB
1849,IXUS
1850,IUSG
1851,IUSV
1852,IUSB
1853,HEWG
1854,HYXF
1855,DMXF
1856,EMXF
1857,USXF
1858,SUSB
1859,ESGD
1860,ESGE
1861,ESGU
1862,SUSC
1863,LDEM
1864,SUSL
1865,XT
1866,FALN
1867,IFGL
1868,BGRN
1869,IGF
1870,GNMA
1871,IBTA
1872,IBTB
1873,IBTD
1874,IBTE
1875,IBTF
1876,IBTG
1877,IBTH
1878,IBTI
1879,IBTJ
1880,IBTK
1881,IGOV
1882,EMB
1883,MBB
1884,JKI
1885,ACWX
1886,ACWI
1887,AAXJ
1888,EWZS
1889,MCHI
1890,SCZ
1891,EEMA
1892,EMXC
1893,EUFN
1894,IEUS
1895,RING
1896,SDG
1897,EWJE
1898,EWJV
1899,ENZL
1900,QAT
1901,TUR
1902,UAE
1903,IBB
1904,SOXX
1905,PFF
1906,AMCA
1907,EMIF
1908,ICLN
1909,WOOD
1910,INDY
1911,IJT
1912,DVY
1913,SHV
1914,ITMR
1915,ITOS
1916,ITI
1917,ITRM
1918,ITRI
1919,ITRN
1920,ISEE
1921,IZEA
1922,JJSF
1923,MAYS
1924,JBHT
1925,JCOM
1926,JCIC
1927,JCICU
1928,JKHY
1929,JACK
1930,JAGX
1931,JAKK
1932,JRVR
1933,JAMF
1934,JAN
1935,JSML
1936,JSMD
1937,JAZZ
1938,JD
1939,JRSH
1940,JBLU
1941,JCTCF
1942,FROG
1943,JFIN
1944,JYAC
1945,JMPNL
1946,JMPNZ
1947,JBSS
1948,JOUT
1949,JNCE
1950,YY
1951,JAQC
1952,JAQCU
1953,JUPW
1954,JUPWW
1955,KDMN
1956,KALU
1957,KXIN
1958,KALA
1959,KLDO
1960,KALV
1961,KMDA
1962,KNDI
1963,KRTX
1964,KPTI
1965,KSPN
1966,KZIA
1967,KBSF
1968,KRNY
1969,KELYA
1970,KELYB
1971,KFFB
1972,KROS
1973,KDP
1974,KEQU
1975,KTCC
1976,KZR
1977,KFRC
1978,KE
1979,KBAL
1980,KIN
1981,KC
1982,KINS
1983,KNSA
1984,KNTE
1985,KINZU
1986,KNSL
1987,KTRA
1988,KIRK
1989,KRBP
1990,KSMT
1991,KSMTU
1992,KSMTW
1993,KLAC
1994,KLXE
1995,KOD
1996,KOPN
1997,KRNT
1998,KOSS
1999,KWEB
2000,KTOS
2001,KRON
2002,KRYS
2003,KBNT
2004,KBNTW
2005,KLIC
2006,KURA
2007,KRUS
2008,KVHI
2009,KYMR
2010,FSTR
2011,LJPC
2012,LSBK
2013,LBAI
2014,LKFN
2015,LAKE
2016,LRCX
2017,LAMR
2018,LANC
2019,LCY
2020,LCYAU
2021,LCYAW
2022,LNDC
2023,LARK
2024,LMRK
2025,LMRKN
2026,LMRKO
2027,LMRKP
2028,LE
2029,LSTR
2030,LTRN
2031,LNTH
2032,LTRX
2033,LRMR
2034,LSCC
2035,LAUR
2036,LAWS
2037,LAZY
2038,LCNB
2039,LPTX
2040,LFTR
2041,LFTRU
2042,LFTRW
2043,LEGH
2044,LEGO
2045,LEGOU
2046,LEGN
2047,INFR
2048,LVHD
2049,SQLV
2050,LACQ
2051,LACQU
2052,LACQW
2053,LMAT
2054,TREE
2055,LNSR
2056,LESL
2057,LEVL
2058,LEVLP
2059,LXRX
2060,LX
2061,LGIH
2062,LHCG
2063,LI
2064,LLIT
2065,LBRDA
2066,LBRDK
2067,LBRDP
2068,LBTYA
2069,LBTYB
2070,LBTYK
2071,LILA
2072,LILAK
2073,BATRA
2074,BATRK
2075,FWONA
2076,FWONK
2077,LSXMA
2078,LSXMB
2079,LSXMK
2080,LTRPA
2081,LTRPB
2082,LSAQ
2083,LCUT
2084,LFVN
2085,LWAY
2086,LGND
2087,LTBR
2088,LPTH
2089,LMB
2090,LLNW
2091,LMST
2092,LMNL
2093,LMNR
2094,LINC
2095,LECO
2096,LIND
2097,LGHL
2098,LGHLW
2099,LCAP
2100,LCAPU
2101,LCAPW
2102,LPCN
2103,LIQT
2104,YVR
2105,LQDA
2106,LQDT
2107,LFUS
2108,LIVK
2109,LIVKU
2110,LIVKW
2111,LIVN
2112,LOB
2113,LIVE
2114,LPSN
2115,LIVX
2116,LXEH
2117,LIXT
2118,LIXTW
2119,LIZI
2120,LKQ
2121,LMFA
2122,LMPX
2123,LOGC
2124,LOGI
2125,CNCR
2126,CHNA
2127,LOAC
2128,LOACR
2129,LOACU
2130,LOACW
2131,LOOP
2132,LORL
2133,RIDE
2134,LPLA
2135,LYTS
2136,LULU
2137,LITE
2138,LAZR
2139,LAZRW
2140,LMNX
2141,LUMO
2142,LUNA
2143,LKCO
2144,LBC
2145,LUXA
2146,LUXAU
2147,LUXAW
2148,LYFT
2149,LYRA
2150,MCBC
2151,MFNC
2152,MTSI
2153,MGNX
2154,MDGL
2155,MAGS
2156,MGLN
2157,MGTA
2158,MGIC
2159,MGNI
2160,MGYR
2161,MHLD
2162,MNSB
2163,MNSBP
2164,MMYT
2165,MLAC
2166,MLACU
2167,MLACW
2168,MBUU
2169,MACU
2170,MACUU
2171,MACUW
2172,MLVF
2173,TUSK
2174,MANH
2175,LOAN
2176,MNTX
2177,MTEX
2178,MNKD
2179,MANT
2180,MARA
2181,MRVI
2182,MCHX
2183,MRIN
2184,MARPS
2185,MRNS
2186,MRKR
2187,MKTX
2188,MRLN
2189,MRACU
2190,MAR
2191,MBII
2192,MRTN
2193,MMLP
2194,MRVL
2195,MASI
2196,MCFT
2197,MTCH
2198,MTLS
2199,MTRX
2200,MAT
2201,MATW
2202,MVNR
2203,MAXN
2204,MXIM
2205,MCFE
2206,MGRC
2207,MDCA
2208,MDJH
2209,MDRR
2210,MDRRP
2211,MBNKP
2212,MFIN
2213,MFINL
2214,MDVL
2215,MDIA
2216,MDNA
2217,MNOV
2218,MDGS
2219,MDGSW
2220,MRM
2221,MDWD
2222,MEDP
2223,MTACU
2224,MEIP
2225,MGTX
2226,MLCO
2227,MTSL
2228,MELI
2229,MBWM
2230,MERC
2231,MBIN
2232,MBINO
2233,MBINP
2234,MFH
2235,MRCY
2236,MREO
2237,MCMJ
2238,MCMJW
2239,EBSB
2240,VIVO
2241,MRBK
2242,MMSI
2243,SNUG
2244,MACK
2245,MRSN
2246,MRUS
2247,MESA
2248,MLAB
2249,MESO
2250,CASH
2251,MTCR
2252,METX
2253,METXW
2254,MEOH
2255,MCBS
2256,MGEE
2257,MGPI
2258,MBOT
2259,MCHP
2260,MU
2261,MSFT
2262,MSTR
2263,MVIS
2264,MICT
2265,MPB
2266,MTP
2267,MCEP
2268,MBCN
2269,MSEX
2270,MSBI
2271,MSVB
2272,MDWT
2273,MOFG
2274,MIST
2275,MLND
2276,TIGO
2277,MIME
2278,MDXG
2279,MNDO
2280,MIND
2281,MINDP
2282,NERV
2283,YGMZ
2284,MRTX
2285,MIRM
2286,MSON
2287,AVO
2288,MITK
2289,MKSI
2290,MMAC
2291,MTC
2292,MRNA
2293,MOGO
2294,MWK
2295,MKD
2296,MTEM
2297,MBRX
2298,MOMO
2299,MKGI
2300,MCRI
2301,MDLZ
2302,MGI
2303,MDB
2304,MPWR
2305,MNPR
2306,MNRO
2307,MRCC
2308,MRCCL
2309,MNST
2310,MAAC
2311,MAACU
2312,MAACW
2313,MORN
2314,MORF
2315,MOR
2316,MOSY
2317,MOTN
2318,MOTNU
2319,MOTNW
2320,MPAA
2321,MOTS
2322,MCAC
2323,MCACR
2324,MCACU
2325,MOXC
2326,COOP
2327,MTBC
2328,MTBCP
2329,MTSC
2330,MUDSU
2331,GRIL
2332,MBIO
2333,MVBF
2334,MYSZ
2335,MYRG
2336,MYGN
2337,NBRV
2338,NAKD
2339,NNDM
2340,NBTX
2341,NSTG
2342,NAOV
2343,NNOX
2344,NH
2345,NK
2346,NSSC
2347,NDAQ
2348,NTRA
2349,NATH
2350,NKSH
2351,FIZZ
2352,NCMI
2353,NESR
2354,NESRW
2355,NGHCO
2356,NGHCP
2357,NGHCZ
2358,NHLD
2359,NHLDW
2360,NATI
2361,NRC
2362,NSEC
2363,EYE
2364,NWLI
2365,NAII
2366,NHTC
2367,NOACU
2368,NATR
2369,NTUS
2370,JSM
2371,NAVI
2372,NMCI
2373,NBTB
2374,NCNO
2375,NCSM
2376,NEBCU
2377,NKTR
2378,NMRD
2379,NGMS
2380,NEOG
2381,NEO
2382,NLTX
2383,NEON
2384,NEOS
2385,NVCN
2386,NEPH
2387,NEPT
2388,UEPS
2389,NETE
2390,NTAP
2391,NTES
2392,NFLX
2393,NTGR
2394,NTCT
2395,NTWK
2396,NBSE
2397,NRBO
2398,NBIX
2399,NURO
2400,STIM
2401,NFE
2402,NMFC
2403,NMFCL
2404,NPA
2405,NPAUU
2406,NPAWW
2407,NYMT
2408,NYMTM
2409,NYMTN
2410,NYMTO
2411,NYMTP
2412,NBEV
2413,NEWA
2414,NBAC
2415,NBACR
2416,NBACU
2417,NBACW
2418,NWL
2419,NHIC
2420,NHICU
2421,NHICW
2422,NMRK
2423,NWS
2424,NWSA
2425,NEWT
2426,NEWTI
2427,NEWTL
2428,NXMD
2429,NXST
2430,NXTC
2431,NEXT
2432,NGAC
2433,NGACU
2434,NGACW
2435,NXGN
2436,NGM
2437,NODK
2438,EGOV
2439,NICE
2440,NICK
2441,NCBS
2442,NKLA
2443,NISN
2444,NIU
2445,NKTX
2446,LASR
2447,NLSP
2448,NLSPW
2449,NMIH
2450,NNBR
2451,NBLX
2452,NDLS
2453,NDSN
2454,NSYS
2455,NMMC
2456,NMMCU
2457,NMMCW
2458,NBN
2459,NTIC
2460,NTRS
2461,NTRSO
2462,NFBK
2463,NRIM
2464,NWBI
2465,NWPX
2466,NWE
2467,NLOK
2468,NCLH
2469,NWFL
2470,NVFY
2471,NVMI
2472,NOVN
2473,NOVT
2474,NVAX
2475,NVCR
2476,NOVS
2477,NOVSU
2478,NOVSW
2479,NUAN
2480,NCNA
2481,NRIX
2482,NTNX
2483,NUVA
2484,QQQX
2485,NUZE
2486,NVEE
2487,NVEC
2488,NVDA
2489,NXPI
2490,NXTD
2491,NYMX
2492,OIIM
2493,OVLY
2494,OCSL
2495,OCSI
2496,OBSV
2497,OPTT
2498,OCFC
2499,OCFCP
2500,OFED
2501,OCGN
2502,OCUL
2503,OCUP
2504,OMEX
2505,OPI
2506,OPINL
2507,OFS
2508,OCCI
2509,OVBC
2510,OKTA
2511,ODFL
2512,ONB
2513,OPOF
2514,OSBC
2515,OLMA
2516,OLLI
2517,ZEUS
2518,OFLX
2519,OMER
2520,OMCL
2521,ON
2522,ONCY
2523,ONCR
2524,ONCS
2525,ONCT
2526,ONDS
2527,OSS
2528,OSPN
2529,OSW
2530,ONEW
2531,OTRK
2532,OTRKP
2533,OPBK
2534,LPRO
2535,OTEX
2536,OPEN
2537,OPENW
2538,OPRA
2539,OPGN
2540,OPNT
2541,OPK
2542,OPRT
2543,OPT
2544,OCC
2545,OPRX
2546,OPHC
2547,OPTN
2548,OPCH
2549,ORMP
2550,OSUR
2551,ORBC
2552,ORTX
2553,ORLY
2554,OGI
2555,ORGO
2556,ONVO
2557,ORGS
2558,ORIC
2559,OCG
2560,SEED
2561,OBNK
2562,OESX
2563,ORPH
2564,ORRF
2565,OFIX
2566,KIDS
2567,OSIS
2568,OSMT
2569,OSN
2570,OTEL
2571,OTIC
2572,OTTR
2573,OTLK
2574,OTLKW
2575,OM
2576,OSTK
2577,OVID
2578,OXBR
2579,OXBRW
2580,OXLC
2581,OXLCM
2582,OXLCO
2583,OXLCP
2584,OXSQ
2585,OXSQL
2586,OXSQZ
2587,OYST
2588,OZON
2589,PFIN
2590,PTSI
2591,PCAR
2592,HERD
2593,ECOW
2594,PACB
2595,PPBI
2596,PCRX
2597,PTVE
2598,PACW
2599,PRFX
2600,PLMR
2601,PAAS
2602,PBLA
2603,PANL
2604,PZZA
2605,PRTK
2606,PCYG
2607,PKBK
2608,PKOH
2609,PTNR
2610,PTRS
2611,PASG
2612,PBHC
2613,PATK
2614,PNBK
2615,PATI
2616,PDCO
2617,PTEN
2618,PAVM
2619,PAVMW
2620,PAVMZ
2621,PXMD
2622,PAYA
2623,PAYAW
2624,PAYX
2625,PCTY
2626,PYPL
2627,PAYS
2628,CNXN
2629,PCB
2630,PCIM
2631,PCSB
2632,PCTI
2633,PDCE
2634,PDFS
2635,PDLB
2636,PDSB
2637,PGC
2638,PEGA
2639,PTON
2640,PENN
2641,PVAC
2642,PFLT
2643,PNNT
2644,PNNTG
2645,PWOD
2646,PEBO
2647,PEBK
2648,PFIS
2649,PBCT
2650,PBCTP
2651,PEP
2652,PRDO
2653,PRFT
2654,PSHG
2655,PFMT
2656,PERI
2657,PESI
2658,PPIH
2659,PSNL
2660,PETQ
2661,PETS
2662,PTPI
2663,PFSW
2664,PGTI
2665,PHAR
2666,PHAS
2667,PHAT
2668,PFX
2669,PFXNL
2670,PAHC
2671,PHIO
2672,PHIOW
2673,PLAB
2674,PHUN
2675,PHUNW
2676,PLL
2677,PIRS
2678,PPC
2679,PDD
2680,PME
2681,PNFP
2682,PNFPP
2683,PT
2684,PBFS
2685,PPSI
2686,PXLW
2687,PAA
2688,PAGP
2689,PLYA
2690,PLXS
2691,PLRX
2692,PLUG
2693,PLBC
2694,PS
2695,PSTI
2696,PSTV
2697,PLXP
2698,PMVP
2699,PCOM
2700,POLA
2701,PTE
2702,PYPD
2703,POOL
2704,BPOP
2705,BPOPM
2706,BPOPN
2707,PHICU
2708,PRCH
2709,PRCHW
2710,KCAPL
2711,PTMN
2712,PSTX
2713,PBPB
2714,PCH
2715,POWL
2716,POWI
2717,PBTS
2718,PWFL
2719,PPD
2720,PRAA
2721,PRAH
2722,PRAX
2723,PGEN
2724,PRPO
2725,DTIL
2726,POAI
2727,PFBC
2728,PLPC
2729,PRLD
2730,PFBI
2731,PFC
2732,PINC
2733,SQFT
2734,PBIO
2735,PRVL
2736,PRGX
2737,PSMT
2738,PNRG
2739,PRMW
2740,PRIM
2741,PFG
2742,BTEC
2743,PDEV
2744,GENY
2745,PSET
2746,USMC
2747,PSC
2748,PY
2749,PRTH
2750,PCSA
2751,UFO
2752,PDEX
2753,IPDN
2754,PFHD
2755,PFIE
2756,PROF
2757,PROG
2758,PRGS
2759,PGNY
2760,PFPT
2761,PRPH
2762,PTICU
2763,PRQR
2764,EQRR
2765,BIB
2766,TQQQ
2767,SQQQ
2768,BIS
2769,PSEC
2770,PTGX
2771,TARA
2772,PTVCA
2773,PTVCB
2774,PRTA
2775,PRVB
2776,PVBC
2777,PROV
2778,PBIP
2779,PMD
2780,PTC
2781,PTCT
2782,PUBM
2783,PHCF
2784,PULM
2785,LUNG
2786,PLSE
2787,PBYI
2788,PCYO
2789,PRTC
2790,PPBT
2791,PRPL
2792,PUYI
2793,PXS
2794,PXSAP
2795,PXSAW
2796,QK
2797,QADA
2798,QADB
2799,QCRH
2800,QELL
2801,QELLU
2802,QELLW
2803,QGEN
2804,QIWI
2805,QRVO
2806,QCOM
2807,QLGN
2808,QLYS
2809,QTRX
2810,QMCO
2811,QRHC
2812,QH
2813,QUIK
2814,QDEL
2815,QNST
2816,QUMU
2817,QTNT
2818,QRTEA
2819,QRTEB
2820,QRTEP
2821,QTT
2822,RRD
2823,RCM
2824,RXT
2825,RADA
2826,RDCM
2827,RADI
2828,RDUS
2829,RDNT
2830,RDWR
2831,METC
2832,RMBS
2833,RAND
2834,RNDB
2835,RPD
2836,RAPT
2837,RTLR
2838,RAVE
2839,RAVN
2840,RBB
2841,ROLL
2842,RICK
2843,RCMT
2844,RDI
2845,RDIB
2846,RNWK
2847,RP
2848,RETA
2849,RCHG
2850,RCHGU
2851,RCHGW
2852,RCON
2853,REPH
2854,RRBI
2855,RRGB
2856,RRR
2857,RDVT
2858,RDFN
2859,RDHL
2860,REED
2861,REG
2862,REGN
2863,RGNX
2864,RGLS
2865,REKR
2866,RLAY
2867,RBNC
2868,RLMD
2869,MARK
2870,RNLX
2871,RNST
2872,REGI
2873,RCII
2874,RPTX
2875,RPAY
2876,RGEN
2877,REPL
2878,KRMD
2879,RBCAA
2880,FRBK
2881,REFR
2882,RSSS
2883,RESN
2884,RGP
2885,ROIC
2886,RETO
2887,RVNC
2888,RVPH
2889,RVPHW
2890,RAACU
2891,RVMD
2892,RWLK
2893,REYN
2894,RZLT
2895,RFIL
2896,RGCO
2897,RBKB
2898,RYTM
2899,RBBN
2900,RIBT
2901,RELL
2902,RMBI
2903,RIGL
2904,RNET
2905,RMNI
2906,RIOT
2907,REDU
2908,RVSB
2909,RIVE
2910,RCKT
2911,RMTI
2912,RCKY
2913,RMCF
2914,ROKU
2915,ROOT
2916,ROST
2917,RGLD
2918,RPRX
2919,RBCN
2920,RUBY
2921,RUHN
2922,RMBL
2923,RUSHA
2924,RUSHB
2925,RUTH
2926,RYAAY
2927,STBA
2928,SANW
2929,SBRA
2930,SABR
2931,SABRP
2932,SFET
2933,SAFT
2934,SGA
2935,SAGE
2936,SAIA
2937,SLRX
2938,SALM
2939,SAL
2940,SMTI
2941,SAFM
2942,SASR
2943,SGMO
2944,SANM
2945,SNY
2946,SPNS
2947,SRPT
2948,SRSA
2949,SRSAU
2950,SRSAW
2951,STSA
2952,SVRA
2953,SBFG
2954,SBAC
2955,SCSC
2956,SMIT
2957,SCHN
2958,SRRK
2959,SCHL
2960,SDGR
2961,SJ
2962,SGMS
2963,SCOAU
2964,SCPL
2965,SCPS
2966,SCPH
2967,WORX
2968,SCYX
2969,SEAC
2970,SBCF
2971,STX
2972,SGEN
2973,SHIP
2974,SHIPW
2975,SHIPZ
2976,SGAM
2977,SGAMU
2978,SGAMW
2979,SPNE
2980,EYES
2981,EYESW
2982,SECO
2983,SCWX
2984,SNFCA
2985,SEEL
2986,SEER
2987,SEIC
2988,SLCT
2989,SIC
2990,SELB
2991,SIGI
2992,SIGIP
2993,SLS
2994,LEDS
2995,SMTC
2996,SNCA
2997,SENEA
2998,SENEB
2999,SNES
3000,SNRHU
3001,AIHS
3002,SRTS
3003,SQBG
3004,MCRB
3005,SVC
3006,SREV
3007,SFBS
3008,SESN
3009,SVOKU
3010,SVBI
3011,SGBX
3012,SGOC
3013,SMED
3014,SHSP
3015,STTK
3016,SHEN
3017,SFT
3018,PIXY
3019,SCCI
3020,TYHT
3021,SWAV
3022,SCVL
3023,SHBI
3024,SSTI
3025,SIBN
3026,SIEB
3027,SIEN
3028,BSRR
3029,SRRA
3030,SWIR
3031,SIFY
3032,SIGA
3033,SGTX
3034,SGLB
3035,SGLBW
3036,SGMA
3037,SBNY
3038,SBNYP
3039,SLN
3040,SLGN
3041,SILC
3042,SLAB
3043,SIMO
3044,SILK
3045,SBTX
3046,SAMG
3047,SSNT
3048,SFNC
3049,QQC
3050,QQD
3051,SLP
3052,SINA
3053,SBGI
3054,SINO
3055,SVA
3056,SINT
3057,SIOX
3058,SPQQ
3059,BLCN
3060,SG
3061,SIRI
3062,SRVA
3063,SITM
3064,SYTA
3065,SYTAW
3066,EDTK
3067,SKYW
3068,SWKS
3069,SNBR
3070,SLM
3071,SLMBP
3072,SGH
3073,SND
3074,SMBK
3075,SDC
3076,SWBI
3077,SMSI
3078,SMID
3079,SMTX
3080,TLMD
3081,TLMDW
3082,SCKT
3083,GIGE
3084,SAII
3085,SAIIU
3086,SAIIW
3087,SOHU
3088,SLRC
3089,SUNS
3090,SEDG
3091,SLNO
3092,SLGL
3093,SLDB
3094,SNGX
3095,SNGXW
3096,SOLY
3097,SONM
3098,SONN
3099,SNOA
3100,SONO
3101,SRNE
3102,SHC
3103,SOHO
3104,SOHOB
3105,SOHON
3106,SOHOO
3107,SFBC
3108,SPFI
3109,SSB
3110,SFST
3111,SMBC
3112,SONA
3113,SBSI
3114,SY
3115,SP
3116,SGRP
3117,SPKE
3118,SPKEP
3119,TMTS
3120,TMTSU
3121,TMTSW
3122,SPTN
3123,DWFI
3124,SPPI
3125,SPRO
3126,ANY
3127,SPI
3128,SPEL
3129,SAVE
3130,STXB
3131,SPLK
3132,SPOK
3133,SPWH
3134,SV
3135,SVSVU
3136,SVSVW
3137,SWTX
3138,FUND
3139,SPT
3140,SFM
3141,SPRB
3142,SPSC
3143,SRAX
3144,SSNC
3145,SSRM
3146,STAA
3147,STAF
3148,STMP
3149,STND
3150,SBLK
3151,SBLKZ
3152,STRR
3153,STRRP
3154,SBUX
3155,STFC
3156,MITO
3157,GASS
3158,STCN
3159,STLD
3160,STEP
3161,SRCL
3162,SBT
3163,STRL
3164,SHOO
3165,SFIX
3166,SYBT
3167,STOK
3168,BANX
3169,STNE
3170,SNEX
3171,SSKN
3172,SSYS
3173,STRA
3174,HNDL
3175,STRT
3176,STRS
3177,STRM
3178,SBBP
3179,SUMR
3180,SMMF
3181,SSBI
3182,SMMT
3183,WISA
3184,SUMO
3185,SNDE
3186,SNDL
3187,SNSS
3188,STKL
3189,SPWR
3190,RUN
3191,SUNW
3192,SLGG
3193,SMCI
3194,SPCB
3195,SGC
3196,SUPN
3197,SPRT
3198,SURF
3199,SRGA
3200,SGRY
3201,SRDX
3202,SSSS
3203,STRO
3204,SIVB
3205,SIVBP
3206,SVMK
3207,SWKH
3208,SYKE
3209,SYNC
3210,SYNL
3211,SYNA
3212,SNCR
3213,SNDX
3214,SYNH
3215,SYBX
3216,SNPS
3217,SYPR
3218,SYRS
3219,TROW
3220,TTOO
3221,TRHC
3222,TCMD
3223,TAIT
3224,TTWO
3225,TNDM
3226,TANH
3227,TAOP
3228,TEDU
3229,TH
3230,THWWW
3231,TARS
3232,TATT
3233,TTCF
3234,TAYD
3235,TSHA
3236,CGBD
3237,TCRR
3238,GLG
3239,PETZ
3240,TCCO
3241,TTGT
3242,TGLS
3243,TECTP
3244,TEKK
3245,TEKKU
3246,TEKKW
3247,TELA
3248,TLGT
3249,TELL
3250,TLS
3251,TENB
3252,TENX
3253,TER
3254,TBNK
3255,TSLA
3256,TESS
3257,TTEK
3258,TXN
3259,TXRH
3260,TFFP
3261,TFSL
3262,TGTX
3263,TVACU
3264,WTER
3265,ANDE
3266,TBBK
3267,BPRN
3268,CG
3269,CAKE
3270,CHEF
3271,TCFC
3272,DSGX
3273,DXYN
3274,ENSG
3275,XONE
3276,FBMS
3277,FLIC
3278,GT
3279,HCKT
3280,HAIN
3281,CUBA
3282,INTG
3283,JYNT
3284,KHC
3285,OLD
3286,LOVE
3287,MIK
3288,MIDD
3289,ODP
3290,OLB
3291,STKS
3292,PECK
3293,PNTG
3294,REAL
3295,RMR
3296,SHYF
3297,SMPL
3298,TTD
3299,YORW
3300,NCTY
3301,RACA
3302,TXMD
3303,THTX
3304,TBPH
3305,THMO
3306,THRY
3307,THBR
3308,THBRU
3309,THBRW
3310,TLRY
3311,TSBK
3312,TIPT
3313,TITN
3314,TMDI
3315,TTNP
3316,TVTY
3317,TLSA
3318,TMUS
3319,TOMZ
3320,TNXP
3321,TOPS
3322,TRCH
3323,TRMD
3324,TBLT
3325,TBLTW
3326,TSEM
3327,TOWN
3328,TPIC
3329,TCON
3330,TSCO
3331,TW
3332,TACT
3333,TRNS
3334,TGA
3335,TBIO
3336,TMDX
3337,TA
3338,TANNI
3339,TANNL
3340,TANNZ
3341,TZOO
3342,TVTX
3343,TIG
3344,TRMT
3345,TRVN
3346,TRVI
3347,TPCO
3348,TCDA
3349,TCBK
3350,TRIL
3351,TRS
3352,TRMB
3353,TRIB
3354,TCOM
3355,TRIP
3356,TSC
3357,TSCAP
3358,TSCBP
3359,TRIT
3360,TRITW
3361,TBK
3362,TBKCP
3363,TRVG
3364,TRUE
3365,TRUP
3366,TRST
3367,TRMK
3368,MEDS
3369,TSIA
3370,TSIAU
3371,TSIAW
3372,TSRI
3373,TTEC
3374,TTMI
3375,TC
3376,TCX
3377,TOUR
3378,TMPM
3379,TMPMU
3380,TMPMW
3381,TPTX
3382,HEAR
3383,THCB
3384,THCBU
3385,THCBW
3386,THCA
3387,THCAU
3388,THCAW
3389,TWCT
3390,TWCTU
3391,TWCTW
3392,TWIN
3393,TWST
3394,TYME
3395,USCR
3396,USEG
3397,GROW
3398,USAU
3399,USWS
3400,USWSW
3401,UCL
3402,UK
3403,UKOMW
3404,UFPI
3405,UFPT
3406,ULTA
3407,UCTT
3408,RARE
3409,ULBI
3410,UMBF
3411,UMPQ
3412,UNAM
3413,LATN
3414,LATNU
3415,LATNW
3416,UNB
3417,QURE
3418,UAL
3419,UBCP
3420,UBOH
3421,UBSI
3422,UCBI
3423,UCBIO
3424,UFCS
3425,UIHC
3426,UNFI
3427,UBFO
3428,USLM
3429,UTHR
3430,UG
3431,UNIT
3432,UNTY
3433,UBX
3434,OLED
3435,UEIC
3436,ULH
3437,USAP
3438,UVSP
3439,TIGR
3440,UPLD
3441,UPST
3442,UPWK
3443,UONE
3444,UONEK
3445,URBN
3446,MYT
3447,URGN
3448,UROV
3449,ECOL
3450,ECOLW
3451,USAT
3452,USAK
3453,USIO
3454,UTMD
3455,UTSI
3456,UXIN
3457,VCNX
3458,VLY
3459,VLYPO
3460,VLYPP
3461,VTEC
3462,VALU
3463,VNDA
3464,BBH
3465,ANGL
3466,BJK
3467,PPH
3468,RTH
3469,SMH
3470,ESPO
3471,VWOB
3472,VNQI
3473,VCIT
3474,VGIT
3475,VIGI
3476,VYMI
3477,VCLT
3478,VGLT
3479,VMBS
3480,VONE
3481,VONG
3482,VONV
3483,VTWO
3484,VTWG
3485,VTWV
3486,VTHR
3487,VCSH
3488,VTIP
3489,VGSH
3490,BND
3491,VTC
3492,BNDX
3493,VXUS
3494,BNDW
3495,VREX
3496,VRNS
3497,VBLT
3498,VSTA
3499,VXRT
3500,PCVX
3501,VBIV
3502,VECO
3503,VLDR
3504,VLDRW
3505,VTAQU
3506,VERO
3507,VEON
3508,VRA
3509,VCYT
3510,VSTM
3511,VERB
3512,VERBW
3513,VCEL
3514,VERY
3515,VRME
3516,VRMEW
3517,VRNT
3518,VRSN
3519,VRSK
3520,VBTX
3521,VERI
3522,VRNA
3523,VRRM
3524,VRCA
3525,VS
3526,VSSYW
3527,VTNR
3528,VRTX
3529,VERX
3530,VERU
3531,VSPR
3532,VSPRU
3533,VSPRW
3534,VIAC
3535,VIACA
3536,VSAT
3537,VTRS
3538,VIAV
3539,VICR
3540,VCTR
3541,CIZ
3542,VSDA
3543,CEY
3544,CEZ
3545,CID
3546,CIL
3547,QQQN
3548,SHLD
3549,VTRN
3550,CFO
3551,CFA
3552,CSF
3553,CDC
3554,CDL
3555,VSMV
3556,CSB
3557,CSA
3558,VIE
3559,VMD
3560,VRAY
3561,VKTX
3562,VBFC
3563,VFF
3564,VLGEA
3565,VINC
3566,VINCU
3567,VINCW
3568,BBIG
3569,VIOT
3570,VNOM
3571,VIR
3572,VIRC
3573,VIRI
3574,VTSI
3575,VIRT
3576,VRTS
3577,BBC
3578,BBP
3579,JOET
3580,VRTU
3581,VMAR
3582,VISL
3583,VTGN
3584,VC
3585,VITL
3586,VTRU
3587,VIVE
3588,VVPR
3589,VVOS
3590,VOD
3591,VG
3592,VJET
3593,VOXX
3594,VYGR
3595,VIH
3596,VIHAU
3597,VIHAW
3598,VRM
3599,VSEC
3600,VTVT
3601,VUZI
3602,VYNE
3603,WAFU
3604,HLAL
3605,WTRH
3606,WBA
3607,WSG
3608,WMG
3609,WAFD
3610,WASH
3611,WSBF
3612,WTRE
3613,WTREP
3614,WVE
3615,WNFM
3616,WSTG
3617,WDFC
3618,WB
3619,WEN
3620,WERN
3621,WSBC
3622,WSBCP
3623,WTBA
3624,WABC
3625,WINC
3626,WBND
3627,WDC
3628,WNEB
3629,WPRT
3630,WWR
3631,WEYS
3632,WHLR
3633,WHLRD
3634,WHLRP
3635,WHF
3636,WHFBZ
3637,FREE
3638,FREEW
3639,WHLM
3640,WVVI
3641,WVVIP
3642,WLDN
3643,WLFC
3644,WLTW
3645,WSC
3646,WIMI
3647,WINT
3648,WING
3649,WINA
3650,WTFC
3651,WTFCM
3652,WTFCP
3653,CXSE
3654,WCLD
3655,EMCB
3656,DGRE
3657,DXGE
3658,HYZD
3659,AGZD
3660,WETF
3661,DXJS
3662,DGRW
3663,DGRS
3664,WKEY
3665,WIX
3666,WWD
3667,WDAY
3668,WKHS
3669,WRLD
3670,WRAP
3671,WSFS
3672,WNW
3673,WVFC
3674,WW
3675,WYNN
3676,XFOR
3677,XBIT
3678,XELB
3679,XEL
3680,XNCR
3681,XBIO
3682,XBIOW
3683,XENE
3684,XERS
3685,HX
3686,XLNX
3687,XOMA
3688,XOMAP
3689,XP
3690,XPEL
3691,XPER
3692,XSPA
3693,XTLB
3694,XNET
3695,YNDX
3696,YTRA
3697,YSAC
3698,YSACU
3699,YSACW
3700,YTEN
3701,YMAB
3702,YRCW
3703,YMTX
3704,CTIB
3705,YJ
3706,ZLAB
3707,ZBRA
3708,ZNTL
3709,ZCMD
3710,Z
3711,ZG
3712,ZION
3713,ZIONL
3714,ZIONO
3715,ZIONP
3716,ZKIN
3717,ZM
3718,ZI
3719,ZVO
3720,ZS
3721,ZUMZ
3722,CNET
3723,ZYNE
3724,ZYXI
3725,]
